category_id,category_label
10000,Arts and Entertainment
10001,Arts and Entertainment > Amusement Park
10002,Arts and Entertainment > Aquarium
10003,Arts and Entertainment > Arcade
10004,Arts and Entertainment > Art Gallery
10005,Arts and Entertainment > Bingo Center
10006,Arts and Entertainment > Bowling Alley
10007,Arts and Entertainment > Carnival
10008,Arts and Entertainment > Casino
10009,Arts and Entertainment > Circus
10010,Arts and Entertainment > Comedy Club
10011,Arts and Entertainment > Country Club
10012,Arts and Entertainment > Country Dance Club
10013,Arts and Entertainment > Dance Hall
10014,Arts and Entertainment > Disc Golf Course
10015,Arts and Entertainment > Escape Room
10016,Arts and Entertainment > Exhibit
10017,Arts and Entertainment > Fair
10018,Arts and Entertainment > Gaming Cafe
10019,Arts and Entertainment > Go Kart Track
10020,Arts and Entertainment > Internet Cafe
10021,Arts and Entertainment > Karaoke Box
10022,Arts and Entertainment > Laser Tag Center
10023,Arts and Entertainment > Mini Golf Course
10024,Arts and Entertainment > Movie Theater
10025,Arts and Entertainment > Movie Theater > Drive-in Theater
10026,Arts and Entertainment > Movie Theater > Indie Movie Theater
10027,Arts and Entertainment > Museum
10028,Arts and Entertainment > Museum > Art Museum
10029,Arts and Entertainment > Museum > Erotic Museum
10030,Arts and Entertainment > Museum > History Museum
10031,Arts and Entertainment > Museum > Science Museum
10032,Arts and Entertainment > Night Club
10033,Arts and Entertainment > Pachinko Parlor
10034,Arts and Entertainment > Party Center
10035,Arts and Entertainment > Performing Arts Venue
10036,Arts and Entertainment > Performing Arts Venue > Amphitheater
10037,Arts and Entertainment > Performing Arts Venue > Concert Hall
10038,Arts and Entertainment > Performing Arts Venue > Indie Theater
10039,Arts and Entertainment > Performing Arts Venue > Music Venue
10040,Arts and Entertainment > Performing Arts Venue > Music Venue > Jazz and Blues Venue
10041,Arts and Entertainment > Performing Arts Venue > Music Venue > Rock Club
10042,Arts and Entertainment > Performing Arts Venue > Opera House
10043,Arts and Entertainment > Performing Arts Venue > Theater
10044,Arts and Entertainment > Planetarium
10045,Arts and Entertainment > Pool Hall
10046,Arts and Entertainment > Psychic and Astrologer
10047,Arts and Entertainment > Public Art
10048,Arts and Entertainment > Roller Rink
10049,Arts and Entertainment > Salsa Club
10050,Arts and Entertainment > Samba School
10051,Arts and Entertainment > Stadium
10052,Arts and Entertainment > Strip Club
10053,Arts and Entertainment > Ticket Seller
10054,Arts and Entertainment > VR Cafe
10055,Arts and Entertainment > Water Park
10056,Arts and Entertainment > Zoo
10057,Arts and Entertainment > Disc Golf
10058,Arts and Entertainment > Amusement Park > Attraction
10059,Arts and Entertainment > Public Art > Street Art
10060,Arts and Entertainment > Stadium > Baseball Stadium
10061,Arts and Entertainment > Stadium > Basketball Stadium
10062,Arts and Entertainment > Stadium > Football Stadium
10063,Arts and Entertainment > Stadium > Hockey Stadium
10064,Arts and Entertainment > Stadium > Rugby Stadium
10065,Arts and Entertainment > Stadium > Soccer Stadium
10066,Arts and Entertainment > Stadium > Tennis Stadium
10067,Arts and Entertainment > Stadium > Track Stadium
10068,Arts and Entertainment > Zoo > Zoo Exhibit
10069,Arts and Entertainment > Public Art > Outdoor Sculpture
11000,Business and Professional Services
11001,Business and Professional Services > Advertising Agency
11002,Business and Professional Services > Agriculture and Forestry Service
11003,Business and Professional Services > Architecture Firm
11004,Business and Professional Services > Art Restoration Service
11005,Business and Professional Services > Art Studio
11006,Business and Professional Services > Audiovisual Service
11007,Business and Professional Services > Auditorium
11008,Business and Professional Services > Automation and Control System
11009,Business and Professional Services > Automotive Service
11010,Business and Professional Services > Automotive Service > Automotive Repair Shop
11011,Business and Professional Services > Automotive Service > Car Wash and Detail
11012,Business and Professional Services > Automotive Service > Motorcycle Repair Shop
11013,Business and Professional Services > Automotive Service > Oil Change Service
11014,Business and Professional Services > Automotive Service > Smog Check Shop
11015,Business and Professional Services > Automotive Service > Tire Repair Shop
11016,Business and Professional Services > Automotive Service > Towing Service
11017,Business and Professional Services > Automotive Service > Transmissions Shop
11018,Business and Professional Services > Automotive Service > Vehicle Inspection Station
11019,Business and Professional Services > Ballroom
11020,Business and Professional Services > Office > Business and Strategy Consulting Office
11021,Business and Professional Services > Business Center
11022,Business and Professional Services > Office > Campaign Office
11023,Business and Professional Services > Career Counselor
11024,Business and Professional Services > Chemicals and Gasses Manufacturer
11025,Business and Professional Services > Child Care Service
11026,Business and Professional Services > Child Care Service > Daycare
11027,Business and Professional Services > Computer Repair Service
11028,Business and Professional Services > Construction
11029,Business and Professional Services > Convention Center
11030,Business and Professional Services > Design Studio
11031,Business and Professional Services > Distribution Center
11032,Business and Professional Services > Electrical Equipment Supplier
11033,Business and Professional Services > Employment Agency
11034,Business and Professional Services > Engineer
11035,Business and Professional Services > Entertainment Agency
11036,Business and Professional Services > Entertainment Service
11037,Business and Professional Services > Equipment Rental Service
11038,Business and Professional Services > Event Service
11039,Business and Professional Services > Event Space
11040,Business and Professional Services > Factory
11041,Business and Professional Services > Film Studio
11042,Business and Professional Services > Financial Service
11043,Business and Professional Services > Financial Service > Accounting and Bookkeeping Service
11044,Business and Professional Services > Financial Service > Banking and Finance > ATM
11045,Business and Professional Services > Financial Service > Banking and Finance > Bank
11046,Business and Professional Services > Financial Service > Banking and Finance
11047,Business and Professional Services > Financial Service > Business Broker
11048,Business and Professional Services > Financial Service > Check Cashing Service
11049,Business and Professional Services > Financial Service > Collections Service
11050,Business and Professional Services > Financial Service > Credit Counseling and Bankruptcy Service
11051,Business and Professional Services > Financial Service > Banking and Finance > Credit Union
11052,Business and Professional Services > Financial Service > Currency Exchange
11053,Business and Professional Services > Financial Service > Financial Planner
11054,Business and Professional Services > Financial Service > Loans Agency
11055,Business and Professional Services > Financial Service > Stock Broker
11056,Business and Professional Services > Food and Beverage Service
11057,Business and Professional Services > Food and Beverage Service > Caterer
11058,Business and Professional Services > Food and Beverage Service > Food Distribution Center
11059,Business and Professional Services > Funeral Home
11060,Business and Professional Services > Geological Service
11061,Business and Professional Services > Health and Beauty Service
11062,Business and Professional Services > Health and Beauty Service > Barbershop
11063,Business and Professional Services > Health and Beauty Service > Bath House
11064,Business and Professional Services > Health and Beauty Service > Hair Salon
11065,Business and Professional Services > Health and Beauty Service > Body Piercing Shop
11066,Business and Professional Services > Health and Beauty Service > Dry Cleaner
11067,Business and Professional Services > Health and Beauty Service > Hair Removal Service
11068,Business and Professional Services > Laundromat
11069,Business and Professional Services > Laundry Service
11070,Business and Professional Services > Health and Beauty Service > Massage Clinic
11071,Business and Professional Services > Health and Beauty Service > Nail Salon
11072,Business and Professional Services > Health and Beauty Service > Skin Care Clinic
11073,Business and Professional Services > Health and Beauty Service > Spa
11074,Business and Professional Services > Health and Beauty Service > Tanning Salon
11075,Business and Professional Services > Health and Beauty Service > Tattoo Parlor
11076,Business and Professional Services > Home Improvement Service
11077,Business and Professional Services > Home Improvement Service > Bathroom Contractor
11078,Business and Professional Services > Home Improvement Service > Carpenter
11079,Business and Professional Services > Home Improvement Service > Carpet and Flooring Contractor
11080,Business and Professional Services > Home Improvement Service > Chimney Sweep
11081,Business and Professional Services > Home Improvement Service > Deck and Patio Contractor
11082,Business and Professional Services > Home Improvement Service > Doors and Windows Contractor
11083,Business and Professional Services > Home Improvement Service > Electrician
11084,Business and Professional Services > Home Improvement Service > Fence Contractor
11085,Business and Professional Services > Home Improvement Service > Garage Door Supplier
11086,Business and Professional Services > Home Improvement Service > General Contractor
11087,"Business and Professional Services > Home Improvement Service > Heating, Ventilating and Air Conditioning Contractor"
11088,Business and Professional Services > Home Improvement Service > Home Inspection
11089,Business and Professional Services > Home Improvement Service > Home Service
11090,Business and Professional Services > Home Improvement Service > Interior Designer
11091,Business and Professional Services > Home Improvement Service > Kitchen Remodeler
11092,Business and Professional Services > Home Improvement Service > Landscaper and Gardener
11093,Business and Professional Services > Home Improvement Service > Mover
11094,Business and Professional Services > Home Improvement Service > Painter
11095,Business and Professional Services > Home Improvement Service > Pest Control Service
11096,Business and Professional Services > Home Improvement Service > Plumber
11097,Business and Professional Services > Home Improvement Service > Professional Cleaning Service
11098,Business and Professional Services > Home Improvement Service > Roofer
11099,Business and Professional Services > Home Improvement Service > Sewer Contractor
11100,Business and Professional Services > Home Improvement Service > Swimming Pool Maintenance and Service
11101,Business and Professional Services > Home Improvement Service > Tree Service
11102,Business and Professional Services > Home Improvement Service > Upholstery Service
11103,Business and Professional Services > Human Resources Agency
11104,Business and Professional Services > Import and Export Service
11105,Business and Professional Services > Industrial Equipment Supplier
11106,Business and Professional Services > Industrial Estate
11107,Business and Professional Services > Insurance Agency
11108,Business and Professional Services > Technology Business > IT Service
11109,Business and Professional Services > Laboratory
11110,Business and Professional Services > Leather Supplier
11111,Business and Professional Services > Legal Service
11112,Business and Professional Services > Legal Service > Law Office
11113,Business and Professional Services > Legal Service > Immigration Attorney
11114,Business and Professional Services > Legal Service > Notary
11115,Business and Professional Services > Locksmith
11116,Business and Professional Services > Logging Service
11117,Business and Professional Services > Lottery Retailer
11118,Business and Professional Services > Machine Shop
11119,Business and Professional Services > Management Consultant
11120,Business and Professional Services > Manufacturer
11121,Business and Professional Services > Media Agency
11122,Business and Professional Services > Metals Supplier
11123,Business and Professional Services > Mobile Company
11124,Business and Professional Services > Office
11125,Business and Professional Services > Office > Corporate Cafeteria
11126,Business and Professional Services > Office > Corporate Coffee Shop
11127,Business and Professional Services > Office > Corporate Housing Agency
11128,Business and Professional Services > Office > Coworking Space
11129,Business and Professional Services > Office > Meeting Room
11130,Business and Professional Services > Office > Office Building
11131,Business and Professional Services > Outdoor Event Space
11132,Business and Professional Services > Paper Supplier
11133,Business and Professional Services > Pet Service
11134,Business and Professional Services > Pet Service > Pet Grooming Service
11135,Business and Professional Services > Pet Service > Pet Sitting and Boarding Service
11136,Business and Professional Services > Petroleum Supplier
11137,Business and Professional Services > Photography Service
11138,Business and Professional Services > Photography Service > Photographer
11139,Business and Professional Services > Photography Service > Photography Lab
11140,Business and Professional Services > Photography Service > Photography Studio
11141,Business and Professional Services > Plastics Supplier
11142,Business and Professional Services > Power Plant
11143,Business and Professional Services > Publisher
11144,Business and Professional Services > Radio Station
11145,Business and Professional Services > Real Estate Service
11146,Business and Professional Services > Real Estate Service > Building and Land Surveyor
11147,Business and Professional Services > Real Estate Service > Commercial Real Estate Developer
11148,Business and Professional Services > Real Estate Service > Property Management Office
11149,Business and Professional Services > Real Estate Service > Real Estate Agency
11150,Business and Professional Services > Real Estate Service > Real Estate Appraiser
11151,Business and Professional Services > Real Estate Service > Real Estate Development and Title Company
11152,Business and Professional Services > Recording Studio
11153,Business and Professional Services > Recycling Facility
11154,Business and Professional Services > Refrigeration and Ice Supplier
11155,Business and Professional Services > Renewable Energy Service
11156,Business and Professional Services > Rental Service
11157,Business and Professional Services > Repair Service
11158,Business and Professional Services > Research Station
11159,Business and Professional Services > Rubber Supplier
11160,Business and Professional Services > Salvage Yard
11161,Business and Professional Services > Scientific Equipment Supplier
11162,Business and Professional Services > Security and Safety
11163,"Business and Professional Services > Shipping, Freight, and Material Transportation Service"
11164,Business and Professional Services > Shoe Repair Service
11165,Business and Professional Services > Storage Facility
11166,Business and Professional Services > Tailor
11167,Business and Professional Services > Technology Business
11168,Business and Professional Services > Technology Business > Software Company
11169,Business and Professional Services > Technology Business > Website Designer
11170,Business and Professional Services > Telecommunication Service
11171,Business and Professional Services > Translation Service
11172,Business and Professional Services > Tutoring Service
11173,Business and Professional Services > TV Station
11174,Business and Professional Services > Warehouse
11175,Business and Professional Services > Waste Management Service
11176,Business and Professional Services > Water Treatment Service
11177,Business and Professional Services > Wedding Hall
11178,Business and Professional Services > Welding Service
11179,Business and Professional Services > Wholesaler
11180,Business and Professional Services > Office > Tech Startup
11181,Business and Professional Services > Appraiser
11182,Business and Professional Services > Business Service
11183,Business and Professional Services > Convention Center > Conference Room
11184,Business and Professional Services > Creative Service
11185,Business and Professional Services > Direct Mail and Email Marketing Service
11186,Business and Professional Services > Market Research and Consulting Service
11187,Business and Professional Services > Office > Corporate Amenity
11188,Business and Professional Services > Online Advertising Service
11189,"Business and Professional Services > Print, TV, Radio and Outdoor Advertising Service"
11190,Business and Professional Services > Promotional Item Service
11191,Business and Professional Services > Public Relations Firm
11192,Business and Professional Services > Research Laboratory
11193,Business and Professional Services > Search Engine Marketing and Optimization Service
11194,"Business and Professional Services > Writing, Copywriting and Technical Writing Service"
12000,Community and Government
12001,Community and Government > Addiction Treatment Center
12002,Community and Government > Animal Shelter
12003,Community and Government > Cemetery
12004,Community and Government > Community Center
12005,Community and Government > Cultural Center
12006,Community and Government > Disabled Persons Service
12007,Community and Government > Domestic Abuse Treatment Center
12008,Community and Government > Dump
12009,Community and Government > Education
12010,Community and Government > Education > Adult Education
12011,Community and Government > Education > Art School
12012,Community and Government > Education > Circus School
12013,Community and Government > Education > College and University
12014,Community and Government > Education > College and University > College Academic Building
12015,Community and Government > Education > College and University > College Administrative Building
12016,Community and Government > Education > College and University > College Arts Building
12017,Community and Government > Education > College and University > College Auditorium
12018,Community and Government > Education > College and University > College Baseball Diamond
12019,Community and Government > Education > College and University > College Basketball Court
12020,Community and Government > Education > College and University > College Bookstore
12021,Community and Government > Education > College and University > College Cafeteria
12022,Community and Government > Education > College and University > College Classroom
12023,Community and Government > Education > College and University > College Communications Building
12024,Community and Government > Education > College and University > College Cricket Pitch
12025,Community and Government > Education > College and University > College Engineering Building
12026,Community and Government > Education > College and University > College Football Field
12027,Community and Government > Education > College and University > College Gym
12028,Community and Government > Education > College and University > College History Building
12029,Community and Government > Education > College and University > College Hockey Rink
12030,Community and Government > Education > College and University > College Lab
12031,Community and Government > Education > College and University > College Library
12032,Community and Government > Education > College and University > College Math Building
12033,Community and Government > Education > College and University > College Quad
12034,Community and Government > Education > College and University > College Rec Center
12035,Community and Government > Education > College and University > College Residence Hall
12036,Community and Government > Education > College and University > College Science Building
12037,Community and Government > Education > College and University > College Soccer Field
12038,Community and Government > Education > College and University > College Stadium
12039,Community and Government > Education > College and University > College Technology Building
12040,Community and Government > Education > College and University > College Tennis Court
12041,Community and Government > Education > College and University > College Theater
12042,Community and Government > Education > College and University > College Track
12043,Community and Government > Education > College and University > Fraternity House
12044,Community and Government > Education > College and University > Law School
12045,Community and Government > Education > College and University > Medical School
12046,Community and Government > Education > College and University > Sorority House
12047,Community and Government > Education > College and University > Student Center
12048,Community and Government > Education > College and University > Community College
12049,Community and Government > Education > Computer Training School
12050,Community and Government > Education > Culinary School
12051,Community and Government > Education > Driving School
12052,Community and Government > Education > Flight School
12053,Community and Government > Education > Language School
12054,Community and Government > Education > Music School
12055,Community and Government > Education > Nursery School
12056,Community and Government > Education > Preschool
12057,Community and Government > Education > Primary and Secondary School
12058,Community and Government > Education > Primary and Secondary School > Elementary School
12059,Community and Government > Education > Primary and Secondary School > High School
12060,Community and Government > Education > Primary and Secondary School > Middle School
12061,Community and Government > Education > Private School
12062,Community and Government > Education > Religious School
12063,Community and Government > Education > Trade School
12064,Community and Government > Government Building
12065,Community and Government > Government Building > Capitol Building
12066,Community and Government > Government Building > City Hall
12067,Community and Government > Government Building > Courthouse
12068,Community and Government > Government Building > Embassy or Consulate
12069,Community and Government > Government Building > Government Department
12070,Community and Government > Government Building > Law Enforcement and Public Safety
12071,Community and Government > Government Building > Law Enforcement and Public Safety > Fire Station
12072,Community and Government > Government Building > Law Enforcement and Public Safety > Police Station
12073,Community and Government > Government Building > Military
12074,Community and Government > Government Building > Military > Military Base
12075,Community and Government > Government Building > Post Office
12076,Community and Government > Government Lobbyist
12077,Community and Government > Homeless Shelter
12078,Community and Government > Housing Authority
12079,Community and Government > Housing Development
12080,Community and Government > Library
12081,Community and Government > Observatory
12082,Community and Government > Organization
12083,Community and Government > Organization > Charity
12084,Community and Government > Organization > Club House
12085,Community and Government > Organization > Environmental Organization
12086,Community and Government > Organization > Non-Profit Organization
12087,Community and Government > Organization > Social Services Organization
12088,Community and Government > Organization > Veterans' Organization
12089,Community and Government > Organization > Youth Organization
12090,Community and Government > Prison
12091,Community and Government > Public and Social Service
12092,Community and Government > Public Bathroom
12093,Community and Government > Rehabilitation Center
12094,Community and Government > Residential Building
12095,Community and Government > Retirement Home
12096,Community and Government > Senior Citizen Service
12097,Community and Government > Social Club
12098,Community and Government > Spiritual Center
12099,Community and Government > Spiritual Center > Buddhist Temple
12100,Community and Government > Spiritual Center > Cemevi
12101,Community and Government > Spiritual Center > Church
12102,Community and Government > Spiritual Center > Confucian Temple
12103,Community and Government > Spiritual Center > Hindu Temple
12104,Community and Government > Spiritual Center > Kingdom Hall
12105,Community and Government > Spiritual Center > Monastery
12106,Community and Government > Spiritual Center > Mosque
12107,Community and Government > Spiritual Center > Prayer Room
12108,Community and Government > Spiritual Center > Shrine
12109,Community and Government > Spiritual Center > Sikh Temple
12110,Community and Government > Spiritual Center > Synagogue
12111,Community and Government > Spiritual Center > Temple
12112,Community and Government > Spiritual Center > Terreiro
12113,Community and Government > Summer Camp
12114,Community and Government > Trailer Park
12115,Community and Government > Utility Company
12116,Community and Government > Polling Place
12117,Community and Government > Assisted Living
12118,Community and Government > Government Building > Law Enforcement and Public Safety > Probation Office
12119,Community and Government > Government Building > Law Enforcement and Public Safety > Rescue Service
12120,Community and Government > Organization > Labor Union
12121,Community and Government > Organization > LGBTQ Organization
12122,Community and Government > Residential Building > Apartment or Condo
12123,Community and Government > Residential Building > Home (private)
12124,Community and Government > Town Hall
12125,Community and Government > Education > College and University > University
13000,Dining and Drinking
13001,Dining and Drinking > Bagel Shop
13002,Dining and Drinking > Bakery
13003,Dining and Drinking > Bar
13004,Dining and Drinking > Bar > Apres Ski Bar
13005,Dining and Drinking > Bar > Beach Bar
13006,Dining and Drinking > Bar > Beer Bar
13007,Dining and Drinking > Bar > Beer Garden
13008,Dining and Drinking > Bar > Champagne Bar
13009,Dining and Drinking > Bar > Cocktail Bar
13010,Dining and Drinking > Bar > Dive Bar
13011,Dining and Drinking > Bar > Gay Bar
13012,Dining and Drinking > Bar > Hookah Bar
13013,Dining and Drinking > Bar > Hotel Bar
13014,Dining and Drinking > Bar > Ice Bar
13015,Dining and Drinking > Bar > Karaoke Bar
13016,Dining and Drinking > Bar > Lounge
13017,Dining and Drinking > Bar > Piano Bar
13018,Dining and Drinking > Bar > Pub
13019,Dining and Drinking > Bar > Rooftop Bar
13020,Dining and Drinking > Bar > Sake Bar
13021,Dining and Drinking > Bar > Speakeasy
13022,Dining and Drinking > Bar > Sports Bar
13023,Dining and Drinking > Bar > Tiki Bar
13024,Dining and Drinking > Bar > Whisky Bar
13025,Dining and Drinking > Bar > Wine Bar
13026,Dining and Drinking > Restaurant > BBQ Joint
13027,Dining and Drinking > Restaurant > Bistro
13028,Dining and Drinking > Breakfast Spot
13029,Dining and Drinking > Brewery
13030,Dining and Drinking > Restaurant > Buffet
13031,Dining and Drinking > Restaurant > Burger Joint
13032,"Dining and Drinking > Cafe, Coffee, and Tea House"
13033,"Dining and Drinking > Cafe, Coffee, and Tea House > Bubble Tea Shop"
13034,"Dining and Drinking > Cafe, Coffee, and Tea House > Café"
13035,"Dining and Drinking > Cafe, Coffee, and Tea House > Coffee Shop"
13036,"Dining and Drinking > Cafe, Coffee, and Tea House > Tea Room"
13037,Dining and Drinking > Cafeteria
13038,Dining and Drinking > Cidery
13039,Dining and Drinking > Restaurant > Deli
13040,Dining and Drinking > Dessert Shop
13041,Dining and Drinking > Creperie
13042,Dining and Drinking > Dessert Shop > Cupcake Shop
13043,Dining and Drinking > Donut Shop
13044,Dining and Drinking > Dessert Shop > Frozen Yogurt Shop
13045,Dining and Drinking > Dessert Shop > Gelato Shop
13046,Dining and Drinking > Dessert Shop > Ice Cream Parlor
13047,Dining and Drinking > Dessert Shop > Pastry Shop
13048,Dining and Drinking > Dessert Shop > Pie Shop
13049,Dining and Drinking > Restaurant > Diner
13050,Dining and Drinking > Distillery
13051,Dining and Drinking > Restaurant > Fish and Chips Shop
13052,Dining and Drinking > Food Court
13053,Dining and Drinking > Food Stand
13054,Dining and Drinking > Food Truck
13055,Dining and Drinking > Restaurant > Fried Chicken Joint
13056,Dining and Drinking > Restaurant > Friterie
13057,Dining and Drinking > Restaurant > Gastropub
13058,Dining and Drinking > Restaurant > Hot Dog Joint
13059,Dining and Drinking > Juice Bar
13060,Dining and Drinking > Restaurant > Mac and Cheese Joint
13061,Dining and Drinking > Meadery
13062,Dining and Drinking > Night Market
13063,"Dining and Drinking > Cafe, Coffee, and Tea House > Pet Café"
13064,Dining and Drinking > Restaurant > Pizzeria
13065,Dining and Drinking > Restaurant
13066,Dining and Drinking > Restaurant > Afghan Restaurant
13067,Dining and Drinking > Restaurant > African Restaurant
13068,Dining and Drinking > Restaurant > American Restaurant
13069,Dining and Drinking > Restaurant > Latin American Restaurant > Arepa Restaurant
13070,Dining and Drinking > Restaurant > Latin American Restaurant > South American Restaurant > Argentinian Restaurant 
13071,Dining and Drinking > Restaurant > Armenian Restaurant
13072,Dining and Drinking > Restaurant > Asian Restaurant
13073,Dining and Drinking > Restaurant > Australian Restaurant
13074,Dining and Drinking > Restaurant > Austrian Restaurant
13075,Dining and Drinking > Restaurant > Bangladeshi Restaurant
13076,Dining and Drinking > Restaurant > Eastern European Restaurant > Belarusian Restaurant
13077,Dining and Drinking > Restaurant > Belgian Restaurant
13078,Dining and Drinking > Restaurant > Eastern European Restaurant > Bosnian Restaurant
13079,Dining and Drinking > Restaurant > Latin American Restaurant > South American Restaurant > Brazilian Restaurant
13080,Dining and Drinking > Restaurant > Latin American Restaurant > South American Restaurant > Brazilian Restaurant > Acai House
13081,Dining and Drinking > Restaurant > Latin American Restaurant > South American Restaurant > Brazilian Restaurant > Baiano Restaurant
13082,Dining and Drinking > Restaurant > Latin American Restaurant > South American Restaurant > Brazilian Restaurant > Central Brazilian Restaurant 
13083,Dining and Drinking > Restaurant > Latin American Restaurant > South American Restaurant > Brazilian Restaurant > Churrascaria
13084,Dining and Drinking > Restaurant > Latin American Restaurant > South American Restaurant > Brazilian Restaurant > Empada House
13085,Dining and Drinking > Restaurant > Latin American Restaurant > South American Restaurant > Brazilian Restaurant > Goiano Restaurant
13086,Dining and Drinking > Restaurant > Latin American Restaurant > South American Restaurant > Brazilian Restaurant > Mineiro Restaurant
13087,Dining and Drinking > Restaurant > Latin American Restaurant > South American Restaurant > Brazilian Restaurant > Northeastern Brazilian Restaurant
13088,Dining and Drinking > Restaurant > Latin American Restaurant > South American Restaurant > Brazilian Restaurant > Northern Brazilian Restaurant
13089,Dining and Drinking > Restaurant > Latin American Restaurant > South American Restaurant > Brazilian Restaurant > Pastelaria
13090,Dining and Drinking > Restaurant > Latin American Restaurant > South American Restaurant > Brazilian Restaurant > Southeastern Brazilian Restaurant
13091,Dining and Drinking > Restaurant > Latin American Restaurant > South American Restaurant > Brazilian Restaurant > Southern Brazilian Restaurant
13092,Dining and Drinking > Restaurant > Latin American Restaurant > South American Restaurant > Brazilian Restaurant > Tapiocaria
13093,Dining and Drinking > Restaurant > Eastern European Restaurant > Bulgarian Restaurant
13094,Dining and Drinking > Restaurant > Asian Restaurant > Burmese Restaurant
13095,Dining and Drinking > Restaurant > Cajun and Creole Restaurant
13096,Dining and Drinking > Restaurant > Asian Restaurant > Cambodian Restaurant
13097,Dining and Drinking > Restaurant > Caribbean Restaurant
13098,Dining and Drinking > Restaurant > Caucasian Restaurant
13099,Dining and Drinking > Restaurant > Asian Restaurant > Chinese Restaurant
13100,Dining and Drinking > Restaurant > Asian Restaurant > Chinese Restaurant > Anhui Restaurant
13101,Dining and Drinking > Restaurant > Asian Restaurant > Chinese Restaurant > Beijing Restaurant
13102,Dining and Drinking > Restaurant > Asian Restaurant > Chinese Restaurant > Cantonese Restaurant
13103,Dining and Drinking > Restaurant > Asian Restaurant > Chinese Restaurant > Cha Chaan Teng
13104,Dining and Drinking > Restaurant > Asian Restaurant > Chinese Restaurant > Chinese Aristocrat Restaurant
13105,Dining and Drinking > Restaurant > Asian Restaurant > Chinese Restaurant > Chinese Breakfast Restaurant
13106,Dining and Drinking > Restaurant > Asian Restaurant > Chinese Restaurant > Dim Sum Restaurant
13107,Dining and Drinking > Restaurant > Asian Restaurant > Chinese Restaurant > Dongbei Restaurant
13108,Dining and Drinking > Restaurant > Asian Restaurant > Chinese Restaurant > Fujian Restaurant
13109,Dining and Drinking > Restaurant > Asian Restaurant > Chinese Restaurant > Guizhou Restaurant
13110,Dining and Drinking > Restaurant > Asian Restaurant > Chinese Restaurant > Hainan Restaurant
13111,Dining and Drinking > Restaurant > Asian Restaurant > Chinese Restaurant > Hakka Restaurant
13112,Dining and Drinking > Restaurant > Asian Restaurant > Chinese Restaurant > Henan Restaurant
13113,Dining and Drinking > Restaurant > Asian Restaurant > Chinese Restaurant > Hong Kong Restaurant
13114,Dining and Drinking > Restaurant > Asian Restaurant > Chinese Restaurant > Huaiyang Restaurant
13115,Dining and Drinking > Restaurant > Asian Restaurant > Chinese Restaurant > Hubei Restaurant
13116,Dining and Drinking > Restaurant > Asian Restaurant > Chinese Restaurant > Hunan Restaurant
13117,Dining and Drinking > Restaurant > Asian Restaurant > Chinese Restaurant > Imperial Restaurant
13118,Dining and Drinking > Restaurant > Asian Restaurant > Chinese Restaurant > Jiangsu Restaurant
13119,Dining and Drinking > Restaurant > Asian Restaurant > Chinese Restaurant > Jiangxi Restaurant
13120,Dining and Drinking > Restaurant > Asian Restaurant > Chinese Restaurant > Macanese Restaurant
13121,Dining and Drinking > Restaurant > Asian Restaurant > Chinese Restaurant > Manchu Restaurant
13122,Dining and Drinking > Restaurant > Asian Restaurant > Chinese Restaurant > Peking Duck Restaurant
13123,Dining and Drinking > Restaurant > Asian Restaurant > Chinese Restaurant > Shaanxi Restaurant
13124,Dining and Drinking > Restaurant > Asian Restaurant > Chinese Restaurant > Shandong Restaurant
13125,Dining and Drinking > Restaurant > Asian Restaurant > Chinese Restaurant > Shanghai Restaurant
13126,Dining and Drinking > Restaurant > Asian Restaurant > Chinese Restaurant > Shanxi Restaurant
13127,Dining and Drinking > Restaurant > Asian Restaurant > Chinese Restaurant > Szechuan Restaurant
13128,Dining and Drinking > Restaurant > Asian Restaurant > Chinese Restaurant > Taiwanese Restaurant
13129,Dining and Drinking > Restaurant > Asian Restaurant > Chinese Restaurant > Tianjin Restaurant
13130,Dining and Drinking > Restaurant > Asian Restaurant > Chinese Restaurant > Xinjiang Restaurant
13131,Dining and Drinking > Restaurant > Asian Restaurant > Chinese Restaurant > Yunnan Restaurant
13132,Dining and Drinking > Restaurant > Asian Restaurant > Chinese Restaurant > Zhejiang Restaurant
13133,Dining and Drinking > Restaurant > Latin American Restaurant > South American Restaurant > Colombian Restaurant
13134,Dining and Drinking > Restaurant > Comfort Food Restaurant
13135,Dining and Drinking > Restaurant > Caribbean Restaurant > Cuban Restaurant
13136,Dining and Drinking > Restaurant > Czech Restaurant
13137,Dining and Drinking > Restaurant > Dumpling Restaurant
13138,Dining and Drinking > Restaurant > Dutch Restaurant
13139,Dining and Drinking > Restaurant > Eastern European Restaurant
13140,Dining and Drinking > Restaurant > Middle Eastern Restaurant > Egyptian Restaurant
13141,Dining and Drinking > Restaurant > Latin American Restaurant > Empanada Restaurant
13142,Dining and Drinking > Restaurant > English Restaurant
13143,Dining and Drinking > Restaurant > African Restaurant > Ethiopian Restaurant
13144,Dining and Drinking > Restaurant > Falafel Restaurant
13145,Dining and Drinking > Restaurant > Fast Food Restaurant
13146,Dining and Drinking > Restaurant > Asian Restaurant > Filipino Restaurant
13147,Dining and Drinking > Restaurant > Fondue Restaurant
13148,Dining and Drinking > Restaurant > French Restaurant
13149,Dining and Drinking > Restaurant > French Restaurant > Alsatian Restaurant
13150,Dining and Drinking > Restaurant > French Restaurant > Auvergne Restaurant
13151,Dining and Drinking > Restaurant > French Restaurant > Basque Restaurant
13152,Dining and Drinking > Restaurant > French Restaurant > Brasserie
13153,Dining and Drinking > Restaurant > French Restaurant > Breton Restaurant
13154,Dining and Drinking > Restaurant > French Restaurant > Burgundian Restaurant
13155,Dining and Drinking > Restaurant > French Restaurant > Catalan Restaurant
13156,Dining and Drinking > Restaurant > French Restaurant > Ch'ti Restaurant
13157,Dining and Drinking > Restaurant > French Restaurant > Corsican Restaurant
13158,Dining and Drinking > Restaurant > French Restaurant > Estaminet
13159,Dining and Drinking > Restaurant > French Restaurant > Labour Canteen
13160,Dining and Drinking > Restaurant > French Restaurant > Lyonese Bouchon
13161,Dining and Drinking > Restaurant > French Restaurant > Norman Restaurant
13162,Dining and Drinking > Restaurant > French Restaurant > Provençal Restaurant
13163,Dining and Drinking > Restaurant > French Restaurant > Savoyard Restaurant
13164,Dining and Drinking > Restaurant > French Restaurant > Southwestern French Restaurant
13165,Dining and Drinking > Restaurant > German Restaurant
13166,Dining and Drinking > Restaurant > German Restaurant > Apple Wine Pub
13167,Dining and Drinking > Restaurant > German Restaurant > Bavarian Restaurant
13168,Dining and Drinking > Restaurant > German Restaurant > Bratwurst Joint
13169,Dining and Drinking > Restaurant > German Restaurant > Currywurst Joint
13170,Dining and Drinking > Restaurant > German Restaurant > Franconian Restaurant
13171,Dining and Drinking > Restaurant > German Restaurant > German Pop-Up Restaurant
13172,Dining and Drinking > Restaurant > German Restaurant > Palatine Restaurant
13173,Dining and Drinking > Restaurant > German Restaurant > Rhenisch Restaurant
13174,Dining and Drinking > Restaurant > German Restaurant > Schnitzel Restaurant
13175,Dining and Drinking > Restaurant > German Restaurant > Silesian Restaurant
13176,Dining and Drinking > Restaurant > German Restaurant > Swabian Restaurant
13177,Dining and Drinking > Restaurant > Greek Restaurant
13178,Dining and Drinking > Restaurant > Greek Restaurant > Bougatsa Shop
13179,Dining and Drinking > Restaurant > Greek Restaurant > Cretan Restaurant
13180,Dining and Drinking > Restaurant > Greek Restaurant > Fish Taverna
13181,Dining and Drinking > Restaurant > Greek Restaurant > Grilled Meat Restaurant
13182,Dining and Drinking > Restaurant > Greek Restaurant > Kafenio
13183,Dining and Drinking > Restaurant > Greek Restaurant > Magirio
13184,Dining and Drinking > Restaurant > Greek Restaurant > Meze Restaurant
13185,Dining and Drinking > Restaurant > Greek Restaurant > Modern Greek Restaurant
13186,Dining and Drinking > Restaurant > Greek Restaurant > Ouzeri
13187,Dining and Drinking > Restaurant > Greek Restaurant > Patsa Restaurant
13188,Dining and Drinking > Restaurant > Greek Restaurant > Souvlaki Shop
13189,Dining and Drinking > Restaurant > Greek Restaurant > Taverna
13190,Dining and Drinking > Restaurant > Greek Restaurant > Tsipouro Restaurant
13191,Dining and Drinking > Restaurant > Halal Restaurant
13192,Dining and Drinking > Restaurant > Hawaiian Restaurant
13193,Dining and Drinking > Restaurant > Hawaiian Restaurant > Poke Restaurant
13194,Dining and Drinking > Restaurant > Asian Restaurant > Himalayan Restaurant
13195,Dining and Drinking > Restaurant > Latin American Restaurant > Honduran Restaurant
13196,Dining and Drinking > Restaurant > Asian Restaurant > Hotpot Restaurant
13197,Dining and Drinking > Restaurant > Hungarian Restaurant
13198,Dining and Drinking > Restaurant > Indian Chinese Restaurant
13199,Dining and Drinking > Restaurant > Indian Restaurant
13200,Dining and Drinking > Restaurant > Indian Restaurant > Andhra Restaurant
13201,Dining and Drinking > Restaurant > Indian Restaurant > Awadhi Restaurant
13202,Dining and Drinking > Restaurant > Indian Restaurant > Bengali Restaurant
13203,Dining and Drinking > Restaurant > Indian Restaurant > Chaat Place
13204,Dining and Drinking > Restaurant > Indian Restaurant > Chettinad Restaurant
13205,Dining and Drinking > Restaurant > Indian Restaurant > Dhaba
13206,Dining and Drinking > Restaurant > Indian Restaurant > Dosa Place
13207,Dining and Drinking > Restaurant > Indian Restaurant > Goan Restaurant
13208,Dining and Drinking > Restaurant > Indian Restaurant > Gujarati Restaurant
13209,Dining and Drinking > Restaurant > Indian Restaurant > Hyderabadi Restaurant
13210,Dining and Drinking > Restaurant > Indian Restaurant > Indian Sweet Shop
13211,Dining and Drinking > Restaurant > Indian Restaurant > Irani Cafe
13212,Dining and Drinking > Restaurant > Indian Restaurant > Jain Restaurant
13213,Dining and Drinking > Restaurant > Indian Restaurant > Karnataka Restaurant
13214,Dining and Drinking > Restaurant > Indian Restaurant > Kerala Restaurant
13215,Dining and Drinking > Restaurant > Indian Restaurant > Maharashtrian Restaurant
13216,Dining and Drinking > Restaurant > Indian Restaurant > Mughlai Restaurant
13217,Dining and Drinking > Restaurant > Indian Restaurant > Multicuisine Indian Restaurant
13218,Dining and Drinking > Restaurant > Indian Restaurant > North Indian Restaurant
13219,Dining and Drinking > Restaurant > Indian Restaurant > Northeast Indian Restaurant
13220,Dining and Drinking > Restaurant > Indian Restaurant > Parsi Restaurant
13221,Dining and Drinking > Restaurant > Indian Restaurant > Punjabi Restaurant
13222,Dining and Drinking > Restaurant > Indian Restaurant > Rajasthani Restaurant
13223,Dining and Drinking > Restaurant > Indian Restaurant > South Indian Restaurant
13224,Dining and Drinking > Restaurant > Indian Restaurant > Udupi Restaurant
13225,Dining and Drinking > Restaurant > Asian Restaurant > Indonesian Restaurant
13226,Dining and Drinking > Restaurant > Asian Restaurant > Indonesian Restaurant > Acehnese Restaurant
13227,Dining and Drinking > Restaurant > Asian Restaurant > Indonesian Restaurant > Balinese Restaurant
13228,Dining and Drinking > Restaurant > Asian Restaurant > Indonesian Restaurant > Betawinese Restaurant
13229,Dining and Drinking > Restaurant > Asian Restaurant > Indonesian Restaurant > Indonesian Meatball Restaurant
13230,Dining and Drinking > Restaurant > Asian Restaurant > Indonesian Restaurant > Javanese Restaurant
13231,Dining and Drinking > Restaurant > Asian Restaurant > Indonesian Restaurant > Manadonese Restaurant
13232,Dining and Drinking > Restaurant > Asian Restaurant > Indonesian Restaurant > Padangnese Restaurant
13233,Dining and Drinking > Restaurant > Asian Restaurant > Indonesian Restaurant > Sundanese Restaurant
13234,Dining and Drinking > Restaurant > Middle Eastern Restaurant > Iraqi Restaurant
13235,Dining and Drinking > Restaurant > Middle Eastern Restaurant > Israeli Restaurant
13236,Dining and Drinking > Restaurant > Italian Restaurant
13237,Dining and Drinking > Restaurant > Italian Restaurant > Abruzzo Restaurant
13238,Dining and Drinking > Restaurant > Italian Restaurant > Agriturismo
13239,Dining and Drinking > Restaurant > Italian Restaurant > Aosta Restaurant
13240,Dining and Drinking > Restaurant > Italian Restaurant > Basilicata Restaurant
13241,Dining and Drinking > Restaurant > Italian Restaurant > Calabria Restaurant
13242,Dining and Drinking > Restaurant > Italian Restaurant > Campanian Restaurant
13243,Dining and Drinking > Restaurant > Italian Restaurant > Emilia Restaurant
13244,Dining and Drinking > Restaurant > Italian Restaurant > Friuli Restaurant
13245,Dining and Drinking > Restaurant > Italian Restaurant > Ligurian Restaurant
13246,Dining and Drinking > Restaurant > Italian Restaurant > Lombard Restaurant
13247,Dining and Drinking > Restaurant > Italian Restaurant > Malga
13248,Dining and Drinking > Restaurant > Italian Restaurant > Marche Restaurant
13249,Dining and Drinking > Restaurant > Italian Restaurant > Molise Restaurant
13250,Dining and Drinking > Restaurant > Italian Restaurant > Piadineria
13251,Dining and Drinking > Restaurant > Italian Restaurant > Piedmontese Restaurant
13252,Dining and Drinking > Restaurant > Italian Restaurant > Puglia Restaurant
13253,Dining and Drinking > Restaurant > Italian Restaurant > Romagna Restaurant
13254,Dining and Drinking > Restaurant > Italian Restaurant > Roman Restaurant
13255,Dining and Drinking > Restaurant > Italian Restaurant > Sardinian Restaurant
13256,Dining and Drinking > Restaurant > Italian Restaurant > Sicilian Restaurant
13257,Dining and Drinking > Restaurant > Italian Restaurant > South Tyrolean Restaurant
13258,Dining and Drinking > Restaurant > Italian Restaurant > Trattoria
13259,Dining and Drinking > Restaurant > Italian Restaurant > Trentino Restaurant
13260,Dining and Drinking > Restaurant > Italian Restaurant > Tuscan Restaurant
13261,Dining and Drinking > Restaurant > Italian Restaurant > Umbrian Restaurant
13262,Dining and Drinking > Restaurant > Italian Restaurant > Veneto Restaurant
13263,Dining and Drinking > Restaurant > Asian Restaurant > Japanese Restaurant
13264,Dining and Drinking > Restaurant > Asian Restaurant > Japanese Restaurant > Donburi Restaurant
13265,Dining and Drinking > Restaurant > Asian Restaurant > Japanese Restaurant > Japanese Curry Restaurant
13266,Dining and Drinking > Restaurant > Asian Restaurant > Japanese Restaurant > Japanese Family Restaurant
13267,Dining and Drinking > Restaurant > Asian Restaurant > Japanese Restaurant > Kaiseki Restaurant
13268,Dining and Drinking > Restaurant > Asian Restaurant > Japanese Restaurant > Kushikatsu Restaurant
13269,Dining and Drinking > Restaurant > Asian Restaurant > Japanese Restaurant > Monjayaki Restaurant
13270,Dining and Drinking > Restaurant > Asian Restaurant > Japanese Restaurant > Nabe Restaurant
13271,Dining and Drinking > Restaurant > Asian Restaurant > Japanese Restaurant > Okonomiyaki Restaurant
13272,Dining and Drinking > Restaurant > Asian Restaurant > Japanese Restaurant > Ramen Restaurant
13273,Dining and Drinking > Restaurant > Asian Restaurant > Japanese Restaurant > Shabu-Shabu Restaurant
13274,Dining and Drinking > Restaurant > Asian Restaurant > Japanese Restaurant > Soba Restaurant
13275,Dining and Drinking > Restaurant > Asian Restaurant > Japanese Restaurant > Sukiyaki Restaurant
13276,Dining and Drinking > Restaurant > Asian Restaurant > Japanese Restaurant > Sushi Restaurant
13277,Dining and Drinking > Restaurant > Asian Restaurant > Japanese Restaurant > Takoyaki Place
13278,Dining and Drinking > Restaurant > Asian Restaurant > Japanese Restaurant > Teishoku Restaurant
13279,Dining and Drinking > Restaurant > Asian Restaurant > Japanese Restaurant > Tempura Restaurant
13280,Dining and Drinking > Restaurant > Asian Restaurant > Japanese Restaurant > Tonkatsu Restaurant
13281,Dining and Drinking > Restaurant > Asian Restaurant > Japanese Restaurant > Udon Restaurant
13282,Dining and Drinking > Restaurant > Asian Restaurant > Japanese Restaurant > Unagi Restaurant
13283,Dining and Drinking > Restaurant > Asian Restaurant > Japanese Restaurant > Wagashi Place
13284,Dining and Drinking > Restaurant > Asian Restaurant > Japanese Restaurant > Yakitori Restaurant
13285,Dining and Drinking > Restaurant > Asian Restaurant > Japanese Restaurant > Yoshoku Restaurant
13286,Dining and Drinking > Restaurant > Jewish Restaurant
13287,Dining and Drinking > Restaurant > Jewish Restaurant > Kosher Restaurant
13288,Dining and Drinking > Restaurant > Kebab Restaurant
13289,Dining and Drinking > Restaurant > Asian Restaurant > Korean Restaurant
13290,Dining and Drinking > Restaurant > Asian Restaurant > Korean Restaurant > Bossam/Jokbal Restaurant
13291,Dining and Drinking > Restaurant > Asian Restaurant > Korean Restaurant > Bunsik Restaurant
13292,Dining and Drinking > Restaurant > Asian Restaurant > Korean Restaurant > Gukbap Restaurant
13293,Dining and Drinking > Restaurant > Asian Restaurant > Korean Restaurant > Janguh Restaurant
13294,Dining and Drinking > Restaurant > Asian Restaurant > Korean Restaurant > Korean BBQ Restaurant
13295,Dining and Drinking > Restaurant > Asian Restaurant > Korean Restaurant > Samgyetang Restaurant
13296,Dining and Drinking > Restaurant > Middle Eastern Restaurant > Kurdish Restaurant
13297,Dining and Drinking > Restaurant > Latin American Restaurant
13298,Dining and Drinking > Restaurant > Middle Eastern Restaurant > Lebanese Restaurant
13299,Dining and Drinking > Restaurant > Asian Restaurant > Malay Restaurant
13300,Dining and Drinking > Restaurant > Asian Restaurant > Malay Restaurant > Mamak Restaurant
13301,Dining and Drinking > Restaurant > African Restaurant > Mauritian Restaurant
13302,Dining and Drinking > Restaurant > Mediterranean Restaurant
13303,Dining and Drinking > Restaurant > Mexican Restaurant
13304,Dining and Drinking > Restaurant > Mexican Restaurant > Botanero
13305,Dining and Drinking > Restaurant > Mexican Restaurant > Burrito Restaurant
13306,Dining and Drinking > Restaurant > Mexican Restaurant > Taco Restaurant
13307,Dining and Drinking > Restaurant > Mexican Restaurant > Tex-Mex Restaurant
13308,Dining and Drinking > Restaurant > Mexican Restaurant > Yucatecan Restaurant
13309,Dining and Drinking > Restaurant > Middle Eastern Restaurant
13310,Dining and Drinking > Restaurant > Modern European Restaurant
13311,Dining and Drinking > Restaurant > Molecular Gastronomy Restaurant
13312,Dining and Drinking > Restaurant > Asian Restaurant > Mongolian Restaurant
13313,Dining and Drinking > Restaurant > Moroccan Restaurant
13314,Dining and Drinking > Restaurant > American Restaurant > New American Restaurant
13315,Dining and Drinking > Restaurant > Asian Restaurant > Noodle Restaurant
13316,Dining and Drinking > Restaurant > Pakistani Restaurant
13317,Dining and Drinking > Restaurant > Middle Eastern Restaurant > Persian Restaurant
13318,Dining and Drinking > Restaurant > Middle Eastern Restaurant > Persian Restaurant > Ash and Haleem Place
13319,Dining and Drinking > Restaurant > Middle Eastern Restaurant > Persian Restaurant > Dizi Place
13320,Dining and Drinking > Restaurant > Middle Eastern Restaurant > Persian Restaurant > Gilaki Restaurant
13321,Dining and Drinking > Restaurant > Middle Eastern Restaurant > Persian Restaurant > Jegaraki
13322,Dining and Drinking > Restaurant > Latin American Restaurant > South American Restaurant > Peruvian Restaurant
13323,Dining and Drinking > Restaurant > Latin American Restaurant > South American Restaurant > Peruvian Restaurant > Peruvian Roast Chicken Joint
13324,Dining and Drinking > Restaurant > Polish Restaurant
13325,Dining and Drinking > Restaurant > Portuguese Restaurant
13326,Dining and Drinking > Restaurant > Poutine Restaurant
13327,Dining and Drinking > Restaurant > Caribbean Restaurant > Puerto Rican Restaurant
13328,Dining and Drinking > Restaurant > Eastern European Restaurant > Romanian Restaurant
13329,Dining and Drinking > Restaurant > Russian Restaurant
13330,Dining and Drinking > Restaurant > Russian Restaurant > Blini House
13331,Dining and Drinking > Restaurant > Russian Restaurant > Pelmeni House
13332,Dining and Drinking > Restaurant > Salad Restaurant
13333,Dining and Drinking > Restaurant > Latin American Restaurant > Salvadoran Restaurant
13334,Dining and Drinking > Restaurant > Sandwich Spot
13335,Dining and Drinking > Restaurant > Asian Restaurant > Satay Restaurant
13336,Dining and Drinking > Restaurant > Scandinavian Restaurant
13337,Dining and Drinking > Restaurant > Scottish Restaurant
13338,Dining and Drinking > Restaurant > Seafood Restaurant
13339,Dining and Drinking > Restaurant > Middle Eastern Restaurant > Shawarma Restaurant
13340,Dining and Drinking > Restaurant > Asian Restaurant > Singaporean Restaurant
13341,Dining and Drinking > Restaurant > Slovak Restaurant
13342,Dining and Drinking > Restaurant > Soup Spot
13343,Dining and Drinking > Restaurant > Latin American Restaurant > South American Restaurant
13344,Dining and Drinking > Restaurant > Southern Food Restaurant
13345,Dining and Drinking > Restaurant > Spanish Restaurant
13346,Dining and Drinking > Restaurant > Spanish Restaurant > Paella Restaurant
13347,Dining and Drinking > Restaurant > Spanish Restaurant > Tapas Restaurant
13348,Dining and Drinking > Restaurant > Sri Lankan Restaurant
13349,Dining and Drinking > Restaurant > Swiss Restaurant
13350,Dining and Drinking > Restaurant > Middle Eastern Restaurant > Syrian Restaurant
13351,Dining and Drinking > Restaurant > Eastern European Restaurant > Tatar Restaurant
13352,Dining and Drinking > Restaurant > Asian Restaurant > Thai Restaurant
13353,Dining and Drinking > Restaurant > Asian Restaurant > Thai Restaurant > Som Tum Restaurant
13354,Dining and Drinking > Restaurant > Theme Restaurant
13355,Dining and Drinking > Restaurant > Asian Restaurant > Tibetan Restaurant
13356,Dining and Drinking > Restaurant > Turkish Restaurant
13357,Dining and Drinking > Restaurant > Turkish Restaurant > Borek Place
13358,Dining and Drinking > Restaurant > Turkish Restaurant > Cigkofte Place
13359,Dining and Drinking > Restaurant > Turkish Restaurant > Çöp Şiş Place
13360,Dining and Drinking > Restaurant > Turkish Restaurant > Doner Restaurant
13361,Dining and Drinking > Restaurant > Turkish Restaurant > Gozleme Place
13362,Dining and Drinking > Restaurant > Turkish Restaurant > Kofte Place
13363,Dining and Drinking > Restaurant > Turkish Restaurant > Kokoreç Restaurant
13364,Dining and Drinking > Restaurant > Turkish Restaurant > Kumpir Restaurant
13365,Dining and Drinking > Restaurant > Turkish Restaurant > Kumru Restaurant
13366,Dining and Drinking > Restaurant > Turkish Restaurant > Manti Place
13367,Dining and Drinking > Restaurant > Turkish Restaurant > Meyhane
13368,Dining and Drinking > Restaurant > Turkish Restaurant > Pide Place
13369,Dining and Drinking > Restaurant > Turkish Restaurant > Pilavcı
13370,Dining and Drinking > Restaurant > Turkish Restaurant > Söğüş Place
13371,Dining and Drinking > Restaurant > Turkish Restaurant > Tantuni Restaurant
13372,Dining and Drinking > Restaurant > Turkish Restaurant > Turkish Coffeehouse
13373,Dining and Drinking > Restaurant > Turkish Restaurant > Turkish Home Cooking Restaurant
13374,Dining and Drinking > Restaurant > Ukrainian Restaurant
13375,Dining and Drinking > Restaurant > Ukrainian Restaurant > Varenyky Restaurant
13376,Dining and Drinking > Restaurant > Ukrainian Restaurant > West-Ukrainian Restaurant
13377,Dining and Drinking > Restaurant > Vegan and Vegetarian Restaurant
13378,Dining and Drinking > Restaurant > Latin American Restaurant > South American Restaurant > Venezuelan Restaurant
13379,Dining and Drinking > Restaurant > Asian Restaurant > Vietnamese Restaurant
13380,Dining and Drinking > Restaurant > Middle Eastern Restaurant > Yemeni Restaurant
13381,Dining and Drinking > Smoothie Shop
13382,Dining and Drinking > Snack Place
13383,Dining and Drinking > Restaurant > Steakhouse
13384,Dining and Drinking > Restaurant > Middle Eastern Restaurant > Persian Restaurant > Tabbakhi
13386,Dining and Drinking > Vineyard
13387,Dining and Drinking > Winery
13388,Dining and Drinking > Restaurant > Wings Joint
13389,Dining and Drinking > Bar > Irish Pub
13390,Dining and Drinking > Restaurant > Gluten-Free Restaurant
13392,Dining and Drinking > Dessert Shop > Waffle Shop
14000,Event
14001,Event > Conference
14002,Event > Convention
14003,Event > Entertainment Event
14004,Event > Entertainment Event > Festival
14005,Event > Entertainment Event > Music Festival
14006,Event > Entertainment Event > Parade
14007,Event > Entertainment Event > Sporting Event
14008,Event > Line
14009,Event > Marketplace
14010,Event > Marketplace > Christmas Market
14011,Event > Marketplace > Stoop Sale
14012,Event > Marketplace > Street Fair
14013,Event > Marketplace > Street Food Gathering
14014,Event > Marketplace > Trade Fair
14015,Event > Other Event
14016,Event > Entertainment Event > Festival > Beer Festival
15000,Health and Medicine
15001,Health and Medicine > Acupuncture Clinic
15002,Health and Medicine > AIDS Resource
15003,Health and Medicine > Alternative Medicine Clinic
15004,Health and Medicine > Assisted Living Service
15005,Health and Medicine > Blood Bank
15006,Health and Medicine > Chiropractor
15007,Health and Medicine > Dentist
15008,Health and Medicine > Emergency Service
15009,Health and Medicine > Emergency Service > Ambulance Service
15010,Health and Medicine > Emergency Service > Emergency Room
15011,Health and Medicine > Healthcare Clinic
15012,Health and Medicine > Home Health Care Service
15013,Health and Medicine > Hospice
15014,Health and Medicine > Hospital
15015,Health and Medicine > Maternity Clinic
15016,Health and Medicine > Medical Center
15017,Health and Medicine > Medical Lab
15018,Health and Medicine > Mental Health Service
15019,Health and Medicine > Mental Health Service > Mental Health Clinic
15020,Health and Medicine > Mental Health Service > Psychologist
15021,Health and Medicine > Nurse
15022,Health and Medicine > Nursing Home
15023,Health and Medicine > Nutritionist
15024,Health and Medicine > Optometrist
15025,Health and Medicine > Other Healthcare Professional
15026,Health and Medicine > Physical Therapy Clinic
15027,Health and Medicine > Physician
15028,Health and Medicine > Physician > Anesthesiologist
15029,Health and Medicine > Physician > Cardiologist
15030,Health and Medicine > Physician > Dermatologist
15031,Health and Medicine > Physician > Doctor's Office
15032,"Health and Medicine > Physician > Ear, Nose and Throat Doctor"
15033,Health and Medicine > Physician > Family Medicine Doctor
15034,Health and Medicine > Physician > Gastroenterologist
15035,Health and Medicine > Physician > General Surgeon
15036,Health and Medicine > Physician > Geriatric Doctor
15037,Health and Medicine > Physician > Internal Medicine Doctor
15038,Health and Medicine > Physician > Neurologist
15039,Health and Medicine > Physician > Obstetrician Gynecologist (Ob-gyn)
15040,Health and Medicine > Physician > Oncologist
15041,Health and Medicine > Physician > Ophthalmologist
15042,Health and Medicine > Physician > Oral Surgeon
15043,Health and Medicine > Physician > Orthopedic Surgeon
15044,Health and Medicine > Physician > Pathologist
15045,Health and Medicine > Physician > Pediatrician
15046,Health and Medicine > Physician > Plastic Surgeon
15047,Health and Medicine > Physician > Psychiatrist
15048,Health and Medicine > Physician > Radiologist
15049,Health and Medicine > Physician > Respiratory Doctor
15050,Health and Medicine > Physician > Urologist
15051,Health and Medicine > Podiatrist
15052,Health and Medicine > Sports Medicine Clinic
15053,Health and Medicine > Urgent Care Center
15054,Health and Medicine > Veterinarian
15055,Health and Medicine > Weight Loss Center
15056,Health and Medicine > Women's Health Clinic
15058,Health and Medicine > Hospital > Children's Hospital
15059,Health and Medicine > Hospital > Hospital Unit
16000,Landmarks and Outdoors
16001,Landmarks and Outdoors > Bathing Area
16002,Landmarks and Outdoors > Bay
16003,Landmarks and Outdoors > Beach
16004,Landmarks and Outdoors > Bike Trail
16005,Landmarks and Outdoors > Botanical Garden
16006,Landmarks and Outdoors > Bridge
16007,Landmarks and Outdoors > Structure
16008,Landmarks and Outdoors > Campground
16009,Landmarks and Outdoors > Canal
16010,Landmarks and Outdoors > Canal Lock
16011,Landmarks and Outdoors > Castle
16012,Landmarks and Outdoors > Cave
16013,Landmarks and Outdoors > Dive Spot
16014,Landmarks and Outdoors > Farm
16015,Landmarks and Outdoors > Forest
16016,Landmarks and Outdoors > Fountain
16017,Landmarks and Outdoors > Garden
16018,Landmarks and Outdoors > Harbor or Marina
16019,Landmarks and Outdoors > Hiking Trail
16020,Landmarks and Outdoors > Historic and Protected Site
16021,Landmarks and Outdoors > Hot Spring
16022,Landmarks and Outdoors > Island
16023,Landmarks and Outdoors > Lake
16024,Landmarks and Outdoors > Lighthouse
16025,Landmarks and Outdoors > Memorial Site
16026,Landmarks and Outdoors > Monument
16027,Landmarks and Outdoors > Mountain
16028,Landmarks and Outdoors > Nature Preserve
16029,Landmarks and Outdoors > Nudist Beach
16030,Landmarks and Outdoors > Other Great Outdoors
16031,Landmarks and Outdoors > Palace
16032,Landmarks and Outdoors > Park
16033,Landmarks and Outdoors > Park > Dog Park
16034,Landmarks and Outdoors > Park > National Park
16035,Landmarks and Outdoors > Park > Natural Park
16036,Landmarks and Outdoors > Park > Picnic Area
16037,Landmarks and Outdoors > Park > Playground
16038,Landmarks and Outdoors > Park > State or Provincial Park
16039,Landmarks and Outdoors > Park > Urban Park
16040,Landmarks and Outdoors > Pedestrian Plaza
16041,Landmarks and Outdoors > Plaza
16042,Landmarks and Outdoors > Reservoir
16043,Landmarks and Outdoors > River
16044,Landmarks and Outdoors > Rock Climbing Spot
16045,Landmarks and Outdoors > Roof Deck
16046,Landmarks and Outdoors > Scenic Lookout
16047,Landmarks and Outdoors > Sculpture Garden
16048,Landmarks and Outdoors > Stable
16049,Landmarks and Outdoors > Surf Spot
16050,Landmarks and Outdoors > Tunnel
16051,Landmarks and Outdoors > Volcano
16052,Landmarks and Outdoors > Waterfall
16053,Landmarks and Outdoors > Waterfront
16054,Landmarks and Outdoors > Windmill
16055,Landmarks and Outdoors > Boat Launch
16056,Landmarks and Outdoors > Dam
16057,Landmarks and Outdoors > Field
16058,Landmarks and Outdoors > Hill
16059,Landmarks and Outdoors > Mountain Hut
16060,Landmarks and Outdoors > Picnic Shelter
16061,Landmarks and Outdoors > States and Municipalities
16062,Landmarks and Outdoors > States and Municipalities > City
16063,Landmarks and Outdoors > States and Municipalities > Country
16064,Landmarks and Outdoors > States and Municipalities > County
16065,Landmarks and Outdoors > States and Municipalities > Neighborhood
16066,Landmarks and Outdoors > States and Municipalities > State
16067,Landmarks and Outdoors > States and Municipalities > Town
16068,Landmarks and Outdoors > States and Municipalities > Village
16069,Landmarks and Outdoors > Tree
16070,Landmarks and Outdoors > Well
17000,Retail
17001,Retail > Adult Store
17002,Retail > Antique Store
17003,Retail > Arts and Crafts Store
17004,Retail > Auction House
17005,Retail > Automotive Retail
17006,Retail > Automotive Retail > Car Dealership
17007,Retail > Automotive Retail > Car Dealership > Classic and Antique Car Dealership
17008,Retail > Automotive Retail > Car Dealership > New Car Dealership
17009,Retail > Automotive Retail > Car Dealership > RV and Motorhome Dealership
17010,Retail > Automotive Retail > Car Dealership > Used Car Dealership
17011,Retail > Automotive Retail > Car Parts and Accessories
17012,Retail > Automotive Retail > Motorcycle Dealership
17013,Retail > Automotive Retail > Motorsports Store
17014,Retail > Baby Store
17015,Retail > Betting Shop
17016,Retail > Big Box Store
17017,Retail > Board Store
17018,Retail > Bookstore
17019,Retail > Bookstore > Used Bookstore
17020,Retail > Boutique
17021,Retail > Cannabis Store
17022,Retail > Comic Book Store
17023,Retail > Computers and Electronics Retail
17024,Retail > Computers and Electronics Retail > Camera Store
17025,Retail > Computers and Electronics Retail > Electronics Store
17026,Retail > Computers and Electronics Retail > Mobile Phone Store
17027,Retail > Computers and Electronics Retail > Video Games Store
17028,Retail > Construction Supplies Store
17029,Retail > Convenience Store
17030,Retail > Cosmetics Store
17031,Retail > Costume Store
17032,Retail > Dance Store
17033,Retail > Department Store
17034,Retail > Discount Store
17035,Retail > Drugstore
17036,Retail > Duty-free Store
17037,Retail > Eyecare Store
17038,Retail > Textiles Store
17039,Retail > Fashion Retail
17040,Retail > Fashion Retail > Batik Store
17041,Retail > Fashion Retail > Bridal Store
17042,Retail > Fashion Retail > Children's Clothing Store
17043,Retail > Fashion Retail > Clothing Store
17044,Retail > Fashion Retail > Fashion Accessories Store
17045,Retail > Fashion Retail > Jewelry Store
17046,Retail > Fashion Retail > Lingerie Store
17047,Retail > Fashion Retail > Men's Store
17048,Retail > Fashion Retail > Shoe Store
17049,Retail > Fashion Retail > Sunglasses Store
17050,Retail > Fashion Retail > Swimwear Store
17051,Retail > Fashion Retail > Watch Store
17052,Retail > Fashion Retail > Women's Store
17053,Retail > Fireworks Store
17054,Retail > Flea Market
17055,Retail > Floating Market
17056,Retail > Flower Store
17057,Retail > Food and Beverage Retail
17058,Retail > Food and Beverage Retail > Beer Store
17059,Retail > Food and Beverage Retail > Butcher
17060,Retail > Food and Beverage Retail > Candy Store
17061,Retail > Food and Beverage Retail > Cheese Store
17062,Retail > Food and Beverage Retail > Chocolate Store
17063,Retail > Food and Beverage Retail > Coffee Roaster
17064,Retail > Food and Beverage Retail > Dairy Store
17065,Retail > Food and Beverage Retail > Farmers Market
17066,Retail > Food and Beverage Retail > Fish Market
17067,Retail > Food and Beverage Retail > Fruit and Vegetable Store
17068,Retail > Food and Beverage Retail > Gourmet Store
17069,Retail > Food and Beverage Retail > Grocery Store
17070,Retail > Food and Beverage Retail > Grocery Store > Organic Grocery
17071,Retail > Food and Beverage Retail > Health Food Store
17072,Retail > Food and Beverage Retail > Herbs and Spices Store
17073,Retail > Food and Beverage Retail > Imported Food Store
17074,Retail > Food and Beverage Retail > Kosher Store
17075,Retail > Food and Beverage Retail > Kuruyemişçi Shop
17076,Retail > Food and Beverage Retail > Liquor Store
17077,Retail > Food and Beverage Retail > Meat and Seafood Store
17078,Retail > Food and Beverage Retail > Sausage Store
17079,Retail > Food and Beverage Retail > Turşucu Shop
17080,Retail > Food and Beverage Retail > Wine Store
17081,Retail > Framing Store
17082,Retail > Furniture and Home Store
17083,Retail > Furniture and Home Store > Carpet Store
17084,Retail > Furniture and Home Store > Home Appliance Store
17085,Retail > Furniture and Home Store > Housewares Store
17086,Retail > Furniture and Home Store > Kitchen Supply Store
17087,Retail > Furniture and Home Store > Lighting Store
17088,Retail > Furniture and Home Store > Mattress Store
17089,Retail > Gift Store
17090,Retail > Hardware Store
17091,Retail > Hobby Store
17092,Retail > Knitting Store
17093,Retail > Leather Goods Store
17094,Retail > Luggage Store
17095,Retail > Medical Supply Store
17096,Retail > Miscellaneous Store
17097,Retail > Mobility Store
17098,Retail > Music Store
17099,Retail > Newsagent
17100,Retail > Newsstand
17101,Retail > Garden Center
17102,Retail > Office Supply Store
17103,Retail > Outdoor Supply Store
17104,Retail > Outlet Mall
17105,Retail > Outlet Store
17106,Retail > Packaging Supply Store
17107,Retail > Party Supply Store
17108,Retail > Pawn Shop
17109,Retail > Perfume Store
17110,Retail > Pet Supplies Store
17111,Retail > Pop-Up Store
17112,Retail > Print Store
17113,Retail > Record Store
17114,Retail > Shopping Mall
17115,Retail > Shopping Plaza
17116,Retail > Souvenir Store
17117,Retail > Sporting Goods Retail
17118,Retail > Sporting Goods Retail > Baseball Store
17119,Retail > Sporting Goods Retail > Bicycle Store
17120,Retail > Sporting Goods Retail > Dive Store
17121,Retail > Sporting Goods Retail > Fishing Store
17122,Retail > Sporting Goods Retail > Golf Store
17123,Retail > Sporting Goods Retail > Gun Store
17124,Retail > Sporting Goods Retail > Hunting Supply Store
17125,Retail > Sporting Goods Retail > Running Store
17126,Retail > Sporting Goods Retail > Skate Store
17127,Retail > Sporting Goods Retail > Ski Store
17128,Retail > Sporting Goods Retail > Soccer Store
17129,Retail > Sporting Goods Retail > Surf Store
17130,Retail > Sporting Goods Retail > Tennis Store
17131,Retail > Stationery Store
17132,Retail > Supplement Store
17133,Retail > Swimming Pool Supply Store
17134,Retail > Tobacco Store
17135,Retail > Toy Store
17136,Retail > Vape Store
17137,Retail > Video Store
17138,Retail > Vintage and Thrift Store
17139,Retail > Warehouse or Wholesale Store
17140,Retail > Automotive Retail > Moped Dealership
17141,Retail > Automotive Retail > Motor Scooter Dealership
17142,Retail > Food and Beverage Retail > Supermarket
17143,Retail > Marijuana Dispensary
17144,Retail > Market
17145,Retail > Pharmacy
17146,Retail > Smoke Shop
18000,Sports and Recreation
18001,Sports and Recreation > Athletic Field
18002,Sports and Recreation > Baseball
18003,Sports and Recreation > Baseball > Baseball Club
18004,Sports and Recreation > Baseball > Baseball Field
18005,Sports and Recreation > Baseball > Batting Cages
18006,Sports and Recreation > Basketball
18007,Sports and Recreation > Basketball > Basketball Club
18008,Sports and Recreation > Basketball > Basketball Court
18009,Sports and Recreation > Bowling Green
18010,Sports and Recreation > Cricket Ground
18011,Sports and Recreation > Curling Ice
18012,Sports and Recreation > Equestrian Facility
18013,Sports and Recreation > Football
18014,Sports and Recreation > Football > Football Club
18015,Sports and Recreation > Football > Football Field
18016,Sports and Recreation > Golf
18017,Sports and Recreation > Golf > Golf Club
18018,Sports and Recreation > Golf > Golf Course
18019,Sports and Recreation > Golf > Golf Driving Range
18020,Sports and Recreation > Gun Range
18021,Sports and Recreation > Gym and Studio
18022,Sports and Recreation > Gym and Studio > Boxing Gym
18023,Sports and Recreation > Gym and Studio > Climbing Gym
18024,Sports and Recreation > Gym and Studio > Cycle Studio
18025,Sports and Recreation > Gym and Studio > Dance Studio
18026,Sports and Recreation > Gym and Studio > Outdoor Gym
18027,Sports and Recreation > Gym and Studio > Pilates Studio
18028,Sports and Recreation > Gym and Studio > Yoga Studio
18029,Sports and Recreation > Gymnastics
18030,Sports and Recreation > Gymnastics > Gymnastics Center
18031,Sports and Recreation > Hockey
18032,Sports and Recreation > Hockey > Hockey Club
18033,Sports and Recreation > Hockey > Hockey Field
18034,Sports and Recreation > Hockey > Hockey Rink
18035,Sports and Recreation > Indoor Play Area
18036,Sports and Recreation > Martial Arts Dojo
18037,Sports and Recreation > Paintball Field
18038,Sports and Recreation > Personal Trainer
18039,Sports and Recreation > Race Track
18040,Sports and Recreation > Racquet Sports
18041,Sports and Recreation > Racquet Sports > Badminton Court
18042,Sports and Recreation > Racquet Sports > Racquet Sport Club
18043,Sports and Recreation > Racquet Sports > Racquetball Club
18044,Sports and Recreation > Racquet Sports > Squash Court
18045,Sports and Recreation > Racquet Sports > Tennis
18046,Sports and Recreation > Racquet Sports > Tennis > Tennis Club
18047,Sports and Recreation > Racquet Sports > Tennis > Tennis Court
18048,Sports and Recreation > Recreation Center
18049,Sports and Recreation > Rugby
18050,Sports and Recreation > Rugby > Rugby Pitch
18051,Sports and Recreation > Running and Track
18052,Sports and Recreation > Running and Track > Running Club
18053,Sports and Recreation > Running and Track > Track
18054,Sports and Recreation > Skating
18055,Sports and Recreation > Skating > Skate Park
18056,Sports and Recreation > Skating > Skating Rink
18057,Sports and Recreation > Skydiving Center
18058,Sports and Recreation > Snow Sports
18059,Sports and Recreation > Snow Sports > Ski Chalet
18060,Sports and Recreation > Snow Sports > Ski Lodge
18061,Sports and Recreation > Snow Sports > Ski Resort and Area
18062,Sports and Recreation > Soccer
18063,Sports and Recreation > Soccer > Soccer Club
18064,Sports and Recreation > Soccer > Soccer Field
18065,Sports and Recreation > Sports Club
18066,Sports and Recreation > Volleyball Court
18067,Sports and Recreation > Water Sports
18068,Sports and Recreation > Water Sports > Canoe and Kayak Rental
18069,Sports and Recreation > Water Sports > Rafting Outfitter
18070,Sports and Recreation > Water Sports > Sailing Club
18071,Sports and Recreation > Water Sports > Scuba Diving Instructor
18072,Sports and Recreation > Water Sports > Surfing
18073,Sports and Recreation > Water Sports > Swimming
18074,Sports and Recreation > Water Sports > Swimming > Swimming Club
18075,Sports and Recreation > Water Sports > Swimming > Swimming Pool
18076,Sports and Recreation > Water Sports > Swimming > Swim School
18077,Sports and Recreation > Gym and Studio > Gym
18078,Sports and Recreation > Gym and Studio > Gym Pool
18079,Sports and Recreation > Hunting Area
18080,Sports and Recreation > Race Track > Racecourse
18081,Sports and Recreation > Sauna
18082,Sports and Recreation > Skydiving Center > Skydiving Drop Zone
18083,Sports and Recreation > Snow Sports > Ski Resort and Area > Ski Chairlift
18084,Sports and Recreation > Snow Sports > Ski Resort and Area > Ski Trail
18085,Sports and Recreation > Water Sports > Rafting Spot
18086,Sports and Recreation > Fishing Area
19000,Travel and Transportation
19001,Travel and Transportation > Baggage Locker
19002,Travel and Transportation > Bike Rental
19003,Travel and Transportation > Boat Rental
19004,Travel and Transportation > Border Crossing
19005,Travel and Transportation > Cruise
19006,Travel and Transportation > Electric Vehicle Charging Station
19007,Travel and Transportation > Fuel Station
19008,Travel and Transportation > Hot Air Balloon Tour Agency
19009,Travel and Transportation > Lodging
19010,Travel and Transportation > Lodging > Bed and Breakfast
19011,Travel and Transportation > Lodging > Boarding House
19012,Travel and Transportation > Lodging > Cabin
19013,Travel and Transportation > Lodging > Hostel
19014,Travel and Transportation > Lodging > Hotel
19015,Travel and Transportation > Lodging > Inn
19016,Travel and Transportation > Lodging > Lodge
19017,Travel and Transportation > Lodging > Motel
19018,Travel and Transportation > Lodging > Resort
19019,Travel and Transportation > Lodging > Vacation Rental
19020,Travel and Transportation > Parking
19021,Travel and Transportation > Pier
19022,Travel and Transportation > Platform
19023,Travel and Transportation > Port
19024,Travel and Transportation > Rest Area
19025,Travel and Transportation > RV Park
19026,Travel and Transportation > Toll Booth
19027,Travel and Transportation > Toll Plaza
19028,Travel and Transportation > Tourist Information and Service
19029,Travel and Transportation > Tourist Information and Service > Tour Provider
19030,Travel and Transportation > Transport Hub
19031,Travel and Transportation > Transport Hub > Airport
19032,Travel and Transportation > Transport Hub > Airport > Airfield
19033,Travel and Transportation > Transport Hub > Airport > Airport Food Court
19034,Travel and Transportation > Transport Hub > Airport > Airport Gate
19035,Travel and Transportation > Transport Hub > Airport > Airport Lounge
19036,Travel and Transportation > Transport Hub > Airport > Airport Service
19037,Travel and Transportation > Transport Hub > Airport > Airport Terminal
19038,Travel and Transportation > Transport Hub > Airport > Airport Tram Station
19039,Travel and Transportation > Transport Hub > Airport > Baggage Claim
19040,Travel and Transportation > Transport Hub > Airport > International Airport
19041,Travel and Transportation > Transport Hub > Airport > Private Airport
19042,Travel and Transportation > Transport Hub > Bus Station
19043,Travel and Transportation > Transport Hub > Bus Stop
19044,Travel and Transportation > Transport Hub > Heliport
19045,Travel and Transportation > Transport Hub > Marine Terminal
19046,Travel and Transportation > Transport Hub > Metro Station
19047,Travel and Transportation > Transport Hub > Rail Station
19048,Travel and Transportation > Transport Hub > Rental Car Location
19049,Travel and Transportation > Transport Hub > Taxi Stand
19050,Travel and Transportation > Transport Hub > Tram Station
19051,Travel and Transportation > Transportation Service
19052,Travel and Transportation > Transportation Service > Charter Bus
19053,Travel and Transportation > Transportation Service > Limo Service
19054,Travel and Transportation > Transportation Service > Public Transportation
19055,Travel and Transportation > Travel Agency
19056,Travel and Transportation > Travel Lounge
19057,Travel and Transportation > Truck Stop
19058,Travel and Transportation > Lodging > Hotel > Hotel Pool
19059,Travel and Transportation > Moving Target
19060,Travel and Transportation > Road
19061,Travel and Transportation > Road > Intersection
19062,Travel and Transportation > Transport Hub > Airport > Plane
19063,Travel and Transportation > Transport Hub > Light Rail Station
19064,Travel and Transportation > Boat or Ferry
19065,Travel and Transportation > Cable Car
19066,Travel and Transportation > Train
19067,Travel and Transportation > Transportation Service > Public Transportation > Bus Line
19068,Travel and Transportation > Transportation Service > Taxi
19070,Travel and Transportation > Transport Hub > Airport > Airport Ticket Counter